i;CodigoEstacion;NombreEstacion;Departamento;Municipio;ZonaHidrografica;Latitud;Longitud
1;26075150;APTO ALFONSO BONILLA ARAGON - TX GPRS;valle del cauca;palmira;cauca;3.533;-76.382
4;29045190;APTO ERNESTO CORTIZOS TX GPRS;atlantico;soledad;bajo magdalena;10.918;-74.78
5;26125710;APTO MATECAÑA TX GPS/GOES;risaralda;pereira;cauca;4.813;-75.74
8;26125061;APTO EL EDEN;quindio;armenia;cauca;4.455;-75.766
9;13035501;APTO LOS GARZONES;cordoba;monteria;sinu;8.826;-75.825
13;35035100;ICA VILLAVICENCIO  - AUT;meta;villavicencio;meta;4.137388889;-73.625
14;2121500048;IBAGUE - AUT;tolima;ibague;alto magdalena;4.418808333;-75.20585
16;52055230;AEROPUERTO SAN LUIS - AUT;narino;aldana;patia;0.857;-77.678
